Occupancy,SpecificOccupId,Source,Description,Stories,Comment,m4,m3,m2,m1,p0,p1,p2,p3,p4,p5,p6,p7,p8,p9,p10,p11,p12,p13,p14,p15,p16,p17,p18,p19,p20,p21,p22,p23,p24,DDF_ID,Basement,HazardRiverine,HazardCV,HazardCA,SortOrder
RES1,R11N,USACE - IWR,"one story, no basement, Contents",1 Story,,0,0,0,4,16,26,36,44,52,58,64,68,72,74,76,78,80,80,80,80,80,80,80,80,80,80,80,80,80,45,,1,,,101
RES1,R11B,BCAR - Jan 2011,"one story, w/ basement, Contents (B14)",1 Story,RAMPP Inserted,0,0,11,13,16,19,22,25,27,30,32,35,36,38,39,39,39,39,39,39,39,39,39,39,39,39,39,39,39,535,1,1,,,102
RES1,R12N,FIA,"two floors, no basement, Contents, A-Zone",2 Story,,0,0,0,0,8,11,19,23,28,33,39,44,50,54,58,60,60,60,60,60,60,60,60,60,60,60,60,60,60,23,,1,,,103
RES1,R12B,FIA (MOD.),"two floors, w/ basement, Contents, A-Zone",2 Story,,0,5,7,8,16,18,25,29,33,37,42,46,52,55,58,60,60,60,60,60,60,60,60,60,60,60,60,60,60,24,1,1,,1,104
RES1,R13N,FIA (MOD.),"three or more floors, no basement, Contents, A-Zone",3 Story,,0,0,0,0,7,15,21,22,23,25,27,30,35,40,43,45,48,50,52,54,56,58,60,60,60,60,60,60,60,25,,1,,,105
RES1,R13B,FIA (MOD.),"three or more floors, w/ basement, Contents, A-Zone",3 Story,,0,5,7,8,15,22,27,28,29,30,32,35,39,43,46,47,50,52,53,55,57,58,60,60,60,60,60,60,60,26,1,1,,1,106
RES1,R1SN,FIA,"split level, no basement, Contents, A-Zone",Split Level,,0,0,0,0,8,11,19,23,28,33,39,44,50,54,58,60,60,60,60,60,60,60,60,60,60,60,60,60,60,27,,1,,,107
RES1,R1SB,FIA (MOD.),"split level, w/ basement, Contents, A-Zone",Split Level,,0,5,7,8,16,18,25,29,33,37,42,46,52,55,58,60,60,60,60,60,60,60,60,60,60,60,60,60,60,28,1,1,,1,108
RES2,R21N,FIA,"Mobile Home, Contents, A-Zone",1 Story,,0,0,0,0,3,27,49,64,70,76,78,79,81,83,83,83,83,83,83,83,83,83,83,83,83,83,83,83,83,74,,1,,,109
RES2,R21B,FIA,"Mobile Home, Contents, A-Zone",1 Story,,0,0,0,0,3,27,49,64,70,76,78,79,81,83,83,83,83,83,83,83,83,83,83,83,83,83,83,83,83,74,1,1,,1,110
RES3A,R3A1N,USACE - Chicago,"Apartment Unit Grade, Contents",1to2 Stories,,0,0,0,0,12,24,33,35,37,41,45,50,55,60,60,60,60,60,60,60,60,60,60,60,60,60,60,60,60,81,,1,,,211
RES3A,R3A1B,USACE - Chicago,"Apartment Unit Sub-Grade, Contents",1to2 Stories,,0,6,7,8,15,19,22,28,33,39,43,49,54,60,60,60,60,60,60,60,60,60,60,60,60,60,60,60,60,82,1,1,1,1,212
RES3A,R3A3N,USACE - Chicago,"Apartment Unit Grade, Contents",3to4 Stories,,0,0,0,0,12,24,33,35,37,41,45,50,55,60,60,60,60,60,60,60,60,60,60,60,60,60,60,60,60,81,,1,1,1,213
RES3A,R3A3B,USACE - Chicago,"Apartment Unit Sub-Grade, Contents",3to4 Stories,,0,6,7,8,15,19,22,28,33,39,43,49,54,60,60,60,60,60,60,60,60,60,60,60,60,60,60,60,60,82,1,1,1,1,214
RES3A,R3A5N,USACE - Chicago,"Apartment Unit Grade, Contents",5Plus Stories,,0,0,0,0,12,24,33,35,37,41,45,50,55,60,60,60,60,60,60,60,60,60,60,60,60,60,60,60,60,81,,1,1,1,215
RES3A,R3A5B,USACE - Chicago,"Apartment Unit Sub-Grade, Contents",5Plus Stories,,0,6,7,8,15,19,22,28,33,39,43,49,54,60,60,60,60,60,60,60,60,60,60,60,60,60,60,60,60,82,1,1,1,1,216
RES3B,R3B1N,USACE - Chicago,"Apartment Unit Grade, Contents",1to2 Stories,,0,0,0,0,12,24,33,35,37,41,45,50,55,60,60,60,60,60,60,60,60,60,60,60,60,60,60,60,60,81,,1,,,217
RES3B,R3B1B,USACE - Chicago,"Apartment Unit Sub-Grade, Contents",1to2 Stories,,0,6,7,8,15,19,22,28,33,39,43,49,54,60,60,60,60,60,60,60,60,60,60,60,60,60,60,60,60,82,1,1,1,1,218
RES3B,R3B3N,USACE - Chicago,"Apartment Unit Grade, Contents",3to4 Stories,,0,0,0,0,12,24,33,35,37,41,45,50,55,60,60,60,60,60,60,60,60,60,60,60,60,60,60,60,60,81,,1,1,1,219
RES3B,R3B3B,USACE - Chicago,"Apartment Unit Sub-Grade, Contents",3to4 Stories,,0,6,7,8,15,19,22,28,33,39,43,49,54,60,60,60,60,60,60,60,60,60,60,60,60,60,60,60,60,82,1,1,1,1,220
RES3B,R3B5N,USACE - Chicago,"Apartment Unit Grade, Contents",5Plus Stories,,0,0,0,0,12,24,33,35,37,41,45,50,55,60,60,60,60,60,60,60,60,60,60,60,60,60,60,60,60,81,,1,1,1,221
RES3B,R3B5B,USACE - Chicago,"Apartment Unit Sub-Grade, Contents",5Plus Stories,,0,6,7,8,15,19,22,28,33,39,43,49,54,60,60,60,60,60,60,60,60,60,60,60,60,60,60,60,60,82,1,1,1,1,222
RES3C,R3C1N,USACE - Chicago,"Apartment Unit Grade, Contents",1to2 Stories,,0,0,0,0,12,24,33,35,37,41,45,50,55,60,60,60,60,60,60,60,60,60,60,60,60,60,60,60,60,81,,1,1,1,223
RES3C,R3C1B,USACE - Chicago,"Apartment Unit Sub-Grade, Contents",1to2 Stories,,0,6,7,8,15,19,22,28,33,39,43,49,54,60,60,60,60,60,60,60,60,60,60,60,60,60,60,60,60,82,1,1,1,1,224
RES3C,R3C3N,USACE - Chicago,"Apartment Unit Grade, Contents",3to4 Stories,,0,0,0,0,12,24,33,35,37,41,45,50,55,60,60,60,60,60,60,60,60,60,60,60,60,60,60,60,60,81,,1,1,1,225
RES3C,R3C3B,USACE - Chicago,"Apartment Unit Sub-Grade, Contents",3to4 Stories,,0,6,7,8,15,19,22,28,33,39,43,49,54,60,60,60,60,60,60,60,60,60,60,60,60,60,60,60,60,82,1,1,1,1,226
RES3C,R3C5N,USACE - Chicago,"Apartment Unit Grade, Contents",5Plus Stories,,0,0,0,0,12,24,33,35,37,41,45,50,55,60,60,60,60,60,60,60,60,60,60,60,60,60,60,60,60,81,,1,1,1,227
RES3C,R3C5B,USACE - Chicago,"Apartment Unit Sub-Grade, Contents",5Plus Stories,,0,6,7,8,15,19,22,28,33,39,43,49,54,60,60,60,60,60,60,60,60,60,60,60,60,60,60,60,60,82,1,1,1,1,228
RES3D,R3D1N,USACE - Chicago,"Apartment Unit Grade, Contents",1to2 Stories,,0,0,0,0,12,24,33,35,37,41,45,50,55,60,60,60,60,60,60,60,60,60,60,60,60,60,60,60,60,81,,1,1,1,229
RES3D,R3D1B,USACE - Chicago,"Apartment Unit Sub-Grade, Contents",1to2 Stories,,0,6,7,8,15,19,22,28,33,39,43,49,54,60,60,60,60,60,60,60,60,60,60,60,60,60,60,60,60,82,1,1,1,1,230
RES3D,R3D3N,USACE - Chicago,"Apartment Unit Grade, Contents",3to4 Stories,,0,0,0,0,12,24,33,35,37,41,45,50,55,60,60,60,60,60,60,60,60,60,60,60,60,60,60,60,60,81,,1,1,1,231
RES3D,R3D3B,USACE - Chicago,"Apartment Unit Sub-Grade, Contents",3to4 Stories,,0,6,7,8,15,19,22,28,33,39,43,49,54,60,60,60,60,60,60,60,60,60,60,60,60,60,60,60,60,82,1,1,1,1,232
RES3D,R3D5N,USACE - Chicago,"Apartment Unit Grade, Contents",5Plus Stories,,0,0,0,0,12,24,33,35,37,41,45,50,55,60,60,60,60,60,60,60,60,60,60,60,60,60,60,60,60,81,,1,1,1,233
RES3D,R3D5B,USACE - Chicago,"Apartment Unit Sub-Grade, Contents",5Plus Stories,,0,6,7,8,15,19,22,28,33,39,43,49,54,60,60,60,60,60,60,60,60,60,60,60,60,60,60,60,60,82,1,1,1,1,234
RES3E,R3E1N,USACE - Chicago,"Apartment Unit Grade, Contents",1to2 Stories,,0,0,0,0,12,24,33,35,37,41,45,50,55,60,60,60,60,60,60,60,60,60,60,60,60,60,60,60,60,81,,1,1,1,235
RES3E,R3E1B,USACE - Chicago,"Apartment Unit Sub-Grade, Contents",1to2 Stories,,0,6,7,8,15,19,22,28,33,39,43,49,54,60,60,60,60,60,60,60,60,60,60,60,60,60,60,60,60,82,1,1,1,1,236
RES3E,R3E3N,USACE - Chicago,"Apartment Unit Grade, Contents",3to4 Stories,,0,0,0,0,12,24,33,35,37,41,45,50,55,60,60,60,60,60,60,60,60,60,60,60,60,60,60,60,60,81,,1,1,1,237
RES3E,R3E3B,USACE - Chicago,"Apartment Unit Sub-Grade, Contents",3to4 Stories,,0,6,7,8,15,19,22,28,33,39,43,49,54,60,60,60,60,60,60,60,60,60,60,60,60,60,60,60,60,82,1,1,1,1,238
RES3E,R3E5N,USACE - Chicago,"Apartment Unit Grade, Contents",5Plus Stories,,0,0,0,0,12,24,33,35,37,41,45,50,55,60,60,60,60,60,60,60,60,60,60,60,60,60,60,60,60,81,,1,1,1,239
RES3E,R3E5B,USACE - Chicago,"Apartment Unit Sub-Grade, Contents",5Plus Stories,,0,6,7,8,15,19,22,28,33,39,43,49,54,60,60,60,60,60,60,60,60,60,60,60,60,60,60,60,60,82,1,1,1,1,240
RES3F,R3F1N,USACE - Chicago,"Apartment Unit Grade, Contents",1to2 Stories,,0,0,0,0,12,24,33,35,37,41,45,50,55,60,60,60,60,60,60,60,60,60,60,60,60,60,60,60,60,81,,1,1,1,241
RES3F,R3F1B,USACE - Chicago,"Apartment Unit Sub-Grade, Contents",1to2 Stories,,0,6,7,8,15,19,22,28,33,39,43,49,54,60,60,60,60,60,60,60,60,60,60,60,60,60,60,60,60,82,1,1,1,1,242
RES3F,R3F3N,USACE - Chicago,"Apartment Unit Grade, Contents",3to4 Stories,,0,0,0,0,12,24,33,35,37,41,45,50,55,60,60,60,60,60,60,60,60,60,60,60,60,60,60,60,60,81,,1,1,1,243
RES3F,R3F3B,USACE - Chicago,"Apartment Unit Sub-Grade, Contents",3to4 Stories,,0,6,7,8,15,19,22,28,33,39,43,49,54,60,60,60,60,60,60,60,60,60,60,60,60,60,60,60,60,82,1,1,1,1,244
RES3F,R3F5N,USACE - Chicago,"Apartment Unit Grade, Contents",5Plus Stories,,0,0,0,0,12,24,33,35,37,41,45,50,55,60,60,60,60,60,60,60,60,60,60,60,60,60,60,60,60,81,,1,1,1,245
RES3F,R3F5B,USACE - Chicago,"Apartment Unit Sub-Grade, Contents",5Plus Stories,,0,6,7,8,15,19,22,28,33,39,43,49,54,60,60,60,60,60,60,60,60,60,60,60,60,60,60,60,60,82,1,1,1,1,246
RES4,R4LN,USACE - Galveston,"Average hotel/motel, Contents (Equipment/Inventory)",Low Rise,,0,0,0,0,0,11,19,25,29,34,39,44,49,56,65,74,82,88,98,98,98,98,98,98,98,98,98,98,98,85,,1,1,1,337
RES4,R4LB,USACE - Galveston,"Average hotel/motel, Contents (Equipment/Inventory)",Low Rise,,0,0,0,0,0,11,19,25,29,34,39,44,49,56,65,74,82,88,98,98,98,98,98,98,98,98,98,98,98,85,1,1,1,1,338
RES4,R4MN,USACE - Galveston,"Average hotel/motel, Contents (Equipment/Inventory)",Mid Rise,,0,0,0,0,0,11,19,25,29,34,39,44,49,56,65,74,82,88,98,98,98,98,98,98,98,98,98,98,98,85,,1,1,1,339
RES4,R4MB,USACE - Galveston,"Average hotel/motel, Contents (Equipment/Inventory)",Mid Rise,,0,0,0,0,0,11,19,25,29,34,39,44,49,56,65,74,82,88,98,98,98,98,98,98,98,98,98,98,98,85,1,1,1,1,340
RES4,R4HN,USACE - Galveston,"Average hotel/motel, Contents (Equipment/Inventory)",High Rise,,0,0,0,0,0,11,19,25,29,34,39,44,49,56,65,74,82,88,98,98,98,98,98,98,98,98,98,98,98,85,,1,1,1,341
RES4,R4HB,USACE - Galveston,"Average hotel/motel, Contents (Equipment/Inventory)",High Rise,,0,0,0,0,0,11,19,25,29,34,39,44,49,56,65,74,82,88,98,98,98,98,98,98,98,98,98,98,98,85,1,1,1,1,342
RES5,R5LN,USACE - Galveston,"Average institutional dormitory, contents",Low Rise,RES6 default,0,0,0,0,0,38,60,73,81,88,94,100,100,100,100,100,100,100,100,100,100,100,100,100,100,100,100,100,100,88,,1,1,1,343
RES5,R5LB,USACE - Galveston,"Average institutional dormitory, contents",Low Rise,RES6 default,0,0,0,0,0,38,60,73,81,88,94,100,100,100,100,100,100,100,100,100,100,100,100,100,100,100,100,100,100,88,1,1,1,1,344
RES5,R5MN,USACE - Galveston,"Average institutional dormitory, contents",Mid Rise,RES6 default,0,0,0,0,0,38,60,73,81,88,94,100,100,100,100,100,100,100,100,100,100,100,100,100,100,100,100,100,100,88,,1,1,1,345
RES5,R5MB,USACE - Galveston,"Average institutional dormitory, contents",Mid Rise,RES6 default,0,0,0,0,0,38,60,73,81,88,94,100,100,100,100,100,100,100,100,100,100,100,100,100,100,100,100,100,100,88,1,1,1,1,346
RES5,R5HN,USACE - Galveston,"Average institutional dormitory, contents",High Rise,RES6 default,0,0,0,0,0,38,60,73,81,88,94,100,100,100,100,100,100,100,100,100,100,100,100,100,100,100,100,100,100,88,,1,1,1,347
RES5,R5HB,USACE - Galveston,"Average institutional dormitory, contents",High Rise,RES6 default,0,0,0,0,0,38,60,73,81,88,94,100,100,100,100,100,100,100,100,100,100,100,100,100,100,100,100,100,100,88,1,1,1,1,348
RES6,R6LN,USACE - Galveston,"Nursing Home, contents (Equipment)",Low Rise,,0,0,0,0,0,38,60,73,81,88,94,100,100,100,100,100,100,100,100,100,100,100,100,100,100,100,100,100,100,89,,1,1,1,349
RES6,R6LB,USACE - Galveston,"Nursing Home, contents (Equipment)",Low Rise,,0,0,0,0,0,38,60,73,81,88,94,100,100,100,100,100,100,100,100,100,100,100,100,100,100,100,100,100,100,89,1,1,1,1,350
RES6,R6MN,USACE - Galveston,"Nursing Home, contents (Equipment)",Mid Rise,,0,0,0,0,0,38,60,73,81,88,94,100,100,100,100,100,100,100,100,100,100,100,100,100,100,100,100,100,100,89,,1,1,1,351
RES6,R6MB,USACE - Galveston,"Nursing Home, contents (Equipment)",Mid Rise,,0,0,0,0,0,38,60,73,81,88,94,100,100,100,100,100,100,100,100,100,100,100,100,100,100,100,100,100,100,89,1,1,1,1,352
RES6,R6HN,USACE - Galveston,"Nursing Home, contents (Equipment)",High Rise,,0,0,0,0,0,38,60,73,81,88,94,100,100,100,100,100,100,100,100,100,100,100,100,100,100,100,100,100,100,89,,1,1,1,353
RES6,R6HB,USACE - Galveston,"Nursing Home, contents (Equipment)",High Rise,,0,0,0,0,0,38,60,73,81,88,94,100,100,100,100,100,100,100,100,100,100,100,100,100,100,100,100,100,100,89,1,1,1,1,354
COM1,C1LN,USACE - Galveston,Average retail trade contents (Inventory/Equipment),Low Rise,,0,0,0,0,2,26,42,56,68,78,83,85,87,88,89,90,91,92,92,92,93,93,94,94,94,94,94,94,94,90,,1,1,1,355
COM1,C1LB,USACE - Galveston,Average retail trade contents (Inventory/Equipment),Low Rise,,0,0,0,0,2,26,42,56,68,78,83,85,87,88,89,90,91,92,92,92,93,93,94,94,94,94,94,94,94,90,1,1,1,1,356
COM1,C1MN,USACE - Galveston,Average retail trade contents (Inventory/Equipment),Mid Rise,,0,0,0,0,2,26,42,56,68,78,83,85,87,88,89,90,91,92,92,92,93,93,94,94,94,94,94,94,94,90,,1,1,1,357
COM1,C1MB,USACE - Galveston,Average retail trade contents (Inventory/Equipment),Mid Rise,,0,0,0,0,2,26,42,56,68,78,83,85,87,88,89,90,91,92,92,92,93,93,94,94,94,94,94,94,94,90,1,1,1,1,358
COM1,C1HN,USACE - Galveston,Average retail trade contents (Inventory/Equipment),High Rise,,0,0,0,0,2,26,42,56,68,78,83,85,87,88,89,90,91,92,92,92,93,93,94,94,94,94,94,94,94,90,,1,1,1,359
COM1,C1HB,USACE - Galveston,Average retail trade contents (Inventory/Equipment),High Rise,,0,0,0,0,2,26,42,56,68,78,83,85,87,88,89,90,91,92,92,92,93,93,94,94,94,94,94,94,94,90,1,1,1,1,360
COM2,C2LN,USACE - Galveston,"Average wholesale trade, Contents",Low Rise,,0,0,0,0,3,16,27,36,49,57,63,69,72,76,80,82,84,86,87,87,88,89,89,89,89,89,89,89,89,195,,1,1,1,361
COM2,C2LB,USACE - Galveston,"Average wholesale trade, Contents",Low Rise,,0,0,0,0,3,16,27,36,49,57,63,69,72,76,80,82,84,86,87,87,88,89,89,89,89,89,89,89,89,195,1,1,1,1,362
COM2,C2MN,USACE - Galveston,"Average wholesale trade, Contents",Mid Rise,,0,0,0,0,3,16,27,36,49,57,63,69,72,76,80,82,84,86,87,87,88,89,89,89,89,89,89,89,89,195,,1,1,1,363
COM2,C2MB,USACE - Galveston,"Average wholesale trade, Contents",Mid Rise,,0,0,0,0,3,16,27,36,49,57,63,69,72,76,80,82,84,86,87,87,88,89,89,89,89,89,89,89,89,195,1,1,1,1,364
COM2,C2HN,USACE - Galveston,"Average wholesale trade, Contents",High Rise,,0,0,0,0,3,16,27,36,49,57,63,69,72,76,80,82,84,86,87,87,88,89,89,89,89,89,89,89,89,195,,1,1,1,365
COM2,C2HB,USACE - Galveston,"Average wholesale trade, Contents",High Rise,,0,0,0,0,3,16,27,36,49,57,63,69,72,76,80,82,84,86,87,87,88,89,89,89,89,89,89,89,89,195,1,1,1,1,366
COM3,C3LN,USACE - Galveston,"Average personal/repair services, Contents (Invetory)",Low Rise,,0,0,0,0,4,29,46,67,79,85,91,92,92,93,94,96,96,97,97,98,98,98,98,98,98,98,98,98,98,240,,1,1,1,367
COM3,C3LB,USACE - Galveston,"Average personal/repair services, Contents (Invetory)",Low Rise,,0,0,0,0,4,29,46,67,79,85,91,92,92,93,94,96,96,97,97,98,98,98,98,98,98,98,98,98,98,240,1,1,1,1,368
COM3,C3MN,USACE - Galveston,"Average personal/repair services, Contents (Invetory)",Mid Rise,,0,0,0,0,4,29,46,67,79,85,91,92,92,93,94,96,96,97,97,98,98,98,98,98,98,98,98,98,98,240,,1,1,1,369
COM3,C3MB,USACE - Galveston,"Average personal/repair services, Contents (Invetory)",Mid Rise,,0,0,0,0,4,29,46,67,79,85,91,92,92,93,94,96,96,97,97,98,98,98,98,98,98,98,98,98,98,240,1,1,1,1,370
COM3,C3HN,USACE - Galveston,"Average personal/repair services, Contents (Invetory)",High Rise,,0,0,0,0,4,29,46,67,79,85,91,92,92,93,94,96,96,97,97,98,98,98,98,98,98,98,98,98,98,240,,1,1,1,371
COM3,C3HB,USACE - Galveston,"Average personal/repair services, Contents (Invetory)",High Rise,,0,0,0,0,4,29,46,67,79,85,91,92,92,93,94,96,96,97,97,98,98,98,98,98,98,98,98,98,98,240,1,1,1,1,372
COM4,C4LN,USACE - Galveston,"Average Prof/Tech services, Contents (Equipment/Inventory)",Low Rise,,0,0,0,0,2,18,25,35,43,49,52,55,57,58,60,65,67,68,69,70,71,71,72,72,72,72,72,72,72,280,,1,1,1,373
COM4,C4LB,USACE - Galveston,"Average Prof/Tech services, Contents (Equipment/Inventory)",Low Rise,,0,0,0,0,2,18,25,35,43,49,52,55,57,58,60,65,67,68,69,70,71,71,72,72,72,72,72,72,72,280,1,1,1,1,374
COM4,C4MN,USACE - Galveston,"Average Prof/Tech services, Contents (Equipment/Inventory)",Mid Rise,,0,0,0,0,2,18,25,35,43,49,52,55,57,58,60,65,67,68,69,70,71,71,72,72,72,72,72,72,72,280,,1,1,1,375
COM4,C4MB,USACE - Galveston,"Average Prof/Tech services, Contents (Equipment/Inventory)",Mid Rise,,0,0,0,0,2,18,25,35,43,49,52,55,57,58,60,65,67,68,69,70,71,71,72,72,72,72,72,72,72,280,1,1,1,1,376
COM4,C4HN,USACE - Galveston,"Average Prof/Tech services, Contents (Equipment/Inventory)",High Rise,,0,0,0,0,2,18,25,35,43,49,52,55,57,58,60,65,67,68,69,70,71,71,72,72,72,72,72,72,72,280,,1,1,1,377
COM4,C4HB,USACE - Galveston,"Average Prof/Tech services, Contents (Equipment/Inventory)",High Rise,,0,0,0,0,2,18,25,35,43,49,52,55,57,58,60,65,67,68,69,70,71,71,72,72,72,72,72,72,72,280,1,1,1,1,378
COM5,C5LN,USACE - Galveston,"Bank, Contents",Low Rise,,0,0,0,0,0,50,74,83,100,100,100,100,100,100,100,100,100,100,100,100,100,100,100,100,100,100,100,100,100,304,,1,1,1,379
COM5,C5LB,USACE - Galveston,"Bank, Contents",Low Rise,,0,0,0,0,0,50,74,83,100,100,100,100,100,100,100,100,100,100,100,100,100,100,100,100,100,100,100,100,100,304,1,1,1,1,380
COM5,C5MN,USACE - Galveston,"Bank, Contents",Mid Rise,,0,0,0,0,0,50,74,83,100,100,100,100,100,100,100,100,100,100,100,100,100,100,100,100,100,100,100,100,100,304,,1,1,1,381
COM5,C5MB,USACE - Galveston,"Bank, Contents",Mid Rise,,0,0,0,0,0,50,74,83,100,100,100,100,100,100,100,100,100,100,100,100,100,100,100,100,100,100,100,100,100,304,1,1,1,1,382
COM5,C5HN,USACE - Galveston,"Bank, Contents",High Rise,,0,0,0,0,0,50,74,83,100,100,100,100,100,100,100,100,100,100,100,100,100,100,100,100,100,100,100,100,100,304,,1,1,1,383
COM5,C5HB,USACE - Galveston,"Bank, Contents",High Rise,,0,0,0,0,0,50,74,83,100,100,100,100,100,100,100,100,100,100,100,100,100,100,100,100,100,100,100,100,100,304,1,1,1,1,384
COM6,C6LN,USACE - Galveston,"Hospital, Contents",Low Rise,,0,0,0,0,0,0,0,10,20,30,65,72,78,85,95,95,95,95,96,96,96,96,96,96,96,96,96,96,96,309,,1,1,1,385
COM6,C6LB,USACE - Galveston,"Hospital, Contents",Low Rise,,0,0,0,0,0,0,0,10,20,30,65,72,78,85,95,95,95,95,96,96,96,96,96,96,96,96,96,96,96,309,1,1,1,1,386
COM6,C6MN,USACE - Galveston,"Hospital, Contents",Mid Rise,,0,0,0,0,0,0,0,10,20,30,65,72,78,85,95,95,95,95,96,96,96,96,96,96,96,96,96,96,96,309,,1,1,1,387
COM6,C6MB,USACE - Galveston,"Hospital, Contents",Mid Rise,,0,0,0,0,0,0,0,10,20,30,65,72,78,85,95,95,95,95,96,96,96,96,96,96,96,96,96,96,96,309,1,1,1,1,388
COM6,C6HN,USACE - Galveston,"Hospital, Contents",High Rise,,0,0,0,0,0,0,0,10,20,30,65,72,78,85,95,95,95,95,96,96,96,96,96,96,96,96,96,96,96,309,,1,1,1,389
COM6,C6HB,USACE - Galveston,"Hospital, Contents",High Rise,,0,0,0,0,0,0,0,10,20,30,65,72,78,85,95,95,95,95,96,96,96,96,96,96,96,96,96,96,96,309,1,1,1,1,390
COM7,C7LN,USACE - Galveston,"Average Medical Offic/Clinic, Contents (Equipment/Inventory)",Low Rise,,0,0,0,0,0,28,51,60,63,67,71,72,74,77,81,86,92,94,97,99,100,100,100,100,100,100,100,100,100,312,,1,1,1,391
COM7,C7LB,USACE - Galveston,"Average Medical Offic/Clinic, Contents (Equipment/Inventory)",Low Rise,,0,0,0,0,0,28,51,60,63,67,71,72,74,77,81,86,92,94,97,99,100,100,100,100,100,100,100,100,100,312,1,1,1,1,392
COM7,C7MN,USACE - Galveston,"Average Medical Offic/Clinic, Contents (Equipment/Inventory)",Mid Rise,,0,0,0,0,0,28,51,60,63,67,71,72,74,77,81,86,92,94,97,99,100,100,100,100,100,100,100,100,100,312,,1,1,1,393
COM7,C7MB,USACE - Galveston,"Average Medical Offic/Clinic, Contents (Equipment/Inventory)",Mid Rise,,0,0,0,0,0,28,51,60,63,67,71,72,74,77,81,86,92,94,97,99,100,100,100,100,100,100,100,100,100,312,1,1,1,1,394
COM7,C7HN,USACE - Galveston,"Average Medical Offic/Clinic, Contents (Equipment/Inventory)",High Rise,,0,0,0,0,0,28,51,60,63,67,71,72,74,77,81,86,92,94,97,99,100,100,100,100,100,100,100,100,100,312,,1,1,1,395
COM7,C7HB,USACE - Galveston,"Average Medical Offic/Clinic, Contents (Equipment/Inventory)",High Rise,,0,0,0,0,0,28,51,60,63,67,71,72,74,77,81,86,92,94,97,99,100,100,100,100,100,100,100,100,100,312,1,1,1,1,396
COM8,C8LN,USACE - Galveston,"Average Entertainment/Recreation, Contents (Equipment/Inventory)",Low Rise,,0,0,0,0,13,45,55,64,73,77,80,82,83,85,87,89,90,91,92,93,94,95,96,96,96,96,96,96,96,322,,1,1,1,397
COM8,C8LB,USACE - Galveston,"Average Entertainment/Recreation, Contents (Equipment/Inventory)",Low Rise,,0,0,0,0,13,45,55,64,73,77,80,82,83,85,87,89,90,91,92,93,94,95,96,96,96,96,96,96,96,322,1,1,1,1,398
COM8,C8MN,USACE - Galveston,"Average Entertainment/Recreation, Contents (Equipment/Inventory)",Mid Rise,,0,0,0,0,13,45,55,64,73,77,80,82,83,85,87,89,90,91,92,93,94,95,96,96,96,96,96,96,96,322,,1,1,1,399
COM8,C8MB,USACE - Galveston,"Average Entertainment/Recreation, Contents (Equipment/Inventory)",Mid Rise,,0,0,0,0,13,45,55,64,73,77,80,82,83,85,87,89,90,91,92,93,94,95,96,96,96,96,96,96,96,322,1,1,1,1,400
COM8,C8HN,USACE - Galveston,"Average Entertainment/Recreation, Contents (Equipment/Inventory)",High Rise,,0,0,0,0,13,45,55,64,73,77,80,82,83,85,87,89,90,91,92,93,94,95,96,96,96,96,96,96,96,322,,1,1,1,401
COM8,C8HB,USACE - Galveston,"Average Entertainment/Recreation, Contents (Equipment/Inventory)",High Rise,,0,0,0,0,13,45,55,64,73,77,80,82,83,85,87,89,90,91,92,93,94,95,96,96,96,96,96,96,96,322,1,1,1,1,402
COM9,C9LN,USACE - Galveston,"Theater, Contents (Equipment)",Low Rise,,0,0,0,0,0,4,6,8,9,10,12,17,22,30,41,57,66,73,79,84,90,97,98,100,100,100,100,100,100,352,,1,1,1,403
COM9,C9LB,USACE - Galveston,"Theater, Contents (Equipment)",Low Rise,,0,0,0,0,0,4,6,8,9,10,12,17,22,30,41,57,66,73,79,84,90,97,98,100,100,100,100,100,100,352,1,1,1,1,404
COM9,C9MN,USACE - Galveston,"Theater, Contents (Equipment)",Mid Rise,,0,0,0,0,0,4,6,8,9,10,12,17,22,30,41,57,66,73,79,84,90,97,98,100,100,100,100,100,100,352,,1,1,1,405
COM9,C9MB,USACE - Galveston,"Theater, Contents (Equipment)",Mid Rise,,0,0,0,0,0,4,6,8,9,10,12,17,22,30,41,57,66,73,79,84,90,97,98,100,100,100,100,100,100,352,1,1,1,1,406
COM9,C9HN,USACE - Galveston,"Theater, Contents (Equipment)",High Rise,,0,0,0,0,0,4,6,8,9,10,12,17,22,30,41,57,66,73,79,84,90,97,98,100,100,100,100,100,100,352,,1,1,1,407
COM9,C9HB,USACE - Galveston,"Theater, Contents (Equipment)",High Rise,,0,0,0,0,0,4,6,8,9,10,12,17,22,30,41,57,66,73,79,84,90,97,98,100,100,100,100,100,100,352,1,1,1,1,408
COM10,C10LN,USACE - Galveston,"Garage, Contents (Inventory)",Low Rise,,0,0,0,0,0,11,17,20,23,25,29,35,42,51,63,77,93,100,100,100,100,100,100,100,100,100,100,100,100,357,,1,1,1,409
COM10,C10LB,USACE - Galveston,"Garage, Contents (Inventory)",Low Rise,,0,0,0,0,0,11,17,20,23,25,29,35,42,51,63,77,93,100,100,100,100,100,100,100,100,100,100,100,100,357,1,1,1,1,410
COM10,C10MN,USACE - Galveston,"Garage, Contents (Inventory)",Mid Rise,,0,0,0,0,0,11,17,20,23,25,29,35,42,51,63,77,93,100,100,100,100,100,100,100,100,100,100,100,100,357,,1,1,1,411
COM10,C10MB,USACE - Galveston,"Garage, Contents (Inventory)",Mid Rise,,0,0,0,0,0,11,17,20,23,25,29,35,42,51,63,77,93,100,100,100,100,100,100,100,100,100,100,100,100,357,1,1,1,1,412
COM10,C10HN,USACE - Galveston,"Garage, Contents (Inventory)",High Rise,,0,0,0,0,0,11,17,20,23,25,29,35,42,51,63,77,93,100,100,100,100,100,100,100,100,100,100,100,100,357,,1,1,1,413
COM10,C10HB,USACE - Galveston,"Garage, Contents (Inventory)",High Rise,,0,0,0,0,0,11,17,20,23,25,29,35,42,51,63,77,93,100,100,100,100,100,100,100,100,100,100,100,100,357,1,1,1,1,414
IND1,I1LN,USACE - Galveston,"Average Heavy Industrial, Contents (Equipment/Inventory)",Low Rise,,0,0,0,0,0,15,24,34,41,47,52,57,60,63,64,66,68,69,72,73,73,73,74,74,74,74,75,75,75,358,,1,1,1,415
IND1,I1LB,USACE - Galveston,"Average Heavy Industrial, Contents (Equipment/Inventory)",Low Rise,,0,0,0,0,0,15,24,34,41,47,52,57,60,63,64,66,68,69,72,73,73,73,74,74,74,74,75,75,75,358,1,1,1,1,416
IND1,I1MN,USACE - Galveston,"Average Heavy Industrial, Contents (Equipment/Inventory)",Mid Rise,,0,0,0,0,0,15,24,34,41,47,52,57,60,63,64,66,68,69,72,73,73,73,74,74,74,74,75,75,75,358,,1,1,1,417
IND1,I1MB,USACE - Galveston,"Average Heavy Industrial, Contents (Equipment/Inventory)",Mid Rise,,0,0,0,0,0,15,24,34,41,47,52,57,60,63,64,66,68,69,72,73,73,73,74,74,74,74,75,75,75,358,1,1,1,1,418
IND1,I1HN,USACE - Galveston,"Average Heavy Industrial, Contents (Equipment/Inventory)",High Rise,,0,0,0,0,0,15,24,34,41,47,52,57,60,63,64,66,68,69,72,73,73,73,74,74,74,74,75,75,75,358,,1,1,1,419
IND1,I1HB,USACE - Galveston,"Average Heavy Industrial, Contents (Equipment/Inventory)",High Rise,,0,0,0,0,0,15,24,34,41,47,52,57,60,63,64,66,68,69,72,73,73,73,74,74,74,74,75,75,75,358,1,1,1,1,420
IND2,I2LN,USACE - Galveston,"Average Light Industrial, Contents (Equipment/Inventory)",Low Rise,,0,0,0,0,0,9,23,35,44,52,58,62,65,68,70,73,74,77,78,78,79,80,80,80,80,81,81,81,81,384,,1,1,1,421
IND2,I2LB,USACE - Galveston,"Average Light Industrial, Contents (Equipment/Inventory)",Low Rise,,0,0,0,0,0,9,23,35,44,52,58,62,65,68,70,73,74,77,78,78,79,80,80,80,80,81,81,81,81,384,1,1,1,1,422
IND2,I2MN,USACE - Galveston,"Average Light Industrial, Contents (Equipment/Inventory)",Mid Rise,,0,0,0,0,0,9,23,35,44,52,58,62,65,68,70,73,74,77,78,78,79,80,80,80,80,81,81,81,81,384,,1,1,1,423
IND2,I2MB,USACE - Galveston,"Average Light Industrial, Contents (Equipment/Inventory)",Mid Rise,,0,0,0,0,0,9,23,35,44,52,58,62,65,68,70,73,74,77,78,78,79,80,80,80,80,81,81,81,81,384,1,1,1,1,424
IND2,I2HN,USACE - Galveston,"Average Light Industrial, Contents (Equipment/Inventory)",High Rise,,0,0,0,0,0,9,23,35,44,52,58,62,65,68,70,73,74,77,78,78,79,80,80,80,80,81,81,81,81,384,,1,1,1,425
IND2,I2HB,USACE - Galveston,"Average Light Industrial, Contents (Equipment/Inventory)",High Rise,,0,0,0,0,0,9,23,35,44,52,58,62,65,68,70,73,74,77,78,78,79,80,80,80,80,81,81,81,81,384,1,1,1,1,426
IND3,I3LN,USACE - Galveston,"Average Food/Drugs/Chemicals, Contents (Equipment/Inventory)",Low Rise,,0,0,0,0,2,20,41,51,62,67,71,73,76,78,79,82,83,84,86,87,87,88,88,88,88,88,88,88,88,408,,1,1,1,427
IND3,I3LB,USACE - Galveston,"Average Food/Drugs/Chemicals, Contents (Equipment/Inventory)",Low Rise,,0,0,0,0,2,20,41,51,62,67,71,73,76,78,79,82,83,84,86,87,87,88,88,88,88,88,88,88,88,408,1,1,1,1,428
IND3,I3MN,USACE - Galveston,"Average Food/Drugs/Chemicals, Contents (Equipment/Inventory)",Mid Rise,,0,0,0,0,2,20,41,51,62,67,71,73,76,78,79,82,83,84,86,87,87,88,88,88,88,88,88,88,88,408,,1,1,1,429
IND3,I3MB,USACE - Galveston,"Average Food/Drugs/Chemicals, Contents (Equipment/Inventory)",Mid Rise,,0,0,0,0,2,20,41,51,62,67,71,73,76,78,79,82,83,84,86,87,87,88,88,88,88,88,88,88,88,408,1,1,1,1,430
IND3,I3HN,USACE - Galveston,"Average Food/Drugs/Chemicals, Contents (Equipment/Inventory)",High Rise,,0,0,0,0,2,20,41,51,62,67,71,73,76,78,79,82,83,84,86,87,87,88,88,88,88,88,88,88,88,408,,1,1,1,431
IND3,I3HB,USACE - Galveston,"Average Food/Drugs/Chemicals, Contents (Equipment/Inventory)",High Rise,,0,0,0,0,2,20,41,51,62,67,71,73,76,78,79,82,83,84,86,87,87,88,88,88,88,88,88,88,88,408,1,1,1,1,432
IND4,I4LN,USACE - Galveston,"Average Metals/Minerals Processing, Contents (Equipment/Inventory)",Low Rise,,0,0,0,0,15,20,26,31,37,40,44,48,53,56,57,60,62,63,63,63,64,65,65,65,65,65,65,65,65,433,,1,1,1,433
IND4,I4LB,USACE - Galveston,"Average Metals/Minerals Processing, Contents (Equipment/Inventory)",Low Rise,,0,0,0,0,15,20,26,31,37,40,44,48,53,56,57,60,62,63,63,63,64,65,65,65,65,65,65,65,65,433,1,1,1,1,434
IND4,I4MN,USACE - Galveston,"Average Metals/Minerals Processing, Contents (Equipment/Inventory)",Mid Rise,,0,0,0,0,15,20,26,31,37,40,44,48,53,56,57,60,62,63,63,63,64,65,65,65,65,65,65,65,65,433,,1,1,1,435
IND4,I4MB,USACE - Galveston,"Average Metals/Minerals Processing, Contents (Equipment/Inventory)",Mid Rise,,0,0,0,0,15,20,26,31,37,40,44,48,53,56,57,60,62,63,63,63,64,65,65,65,65,65,65,65,65,433,1,1,1,1,436
IND4,I4HN,USACE - Galveston,"Average Metals/Minerals Processing, Contents (Equipment/Inventory)",High Rise,,0,0,0,0,15,20,26,31,37,40,44,48,53,56,57,60,62,63,63,63,64,65,65,65,65,65,65,65,65,433,,1,1,1,437
IND4,I4HB,USACE - Galveston,"Average Metals/Minerals Processing, Contents (Equipment/Inventory)",High Rise,,0,0,0,0,15,20,26,31,37,40,44,48,53,56,57,60,62,63,63,63,64,65,65,65,65,65,65,65,65,433,1,1,1,1,438
IND5,I5LN,USACE - Galveston,"Average High Technology, contents (Equipment/Inventory)",Low Rise,IND3 default,0,0,0,0,2,20,41,51,62,67,71,73,76,78,79,82,83,84,86,87,87,88,88,88,88,88,88,88,88,442,,1,1,1,439
IND5,I5LB,USACE - Galveston,"Average High Technology, contents (Equipment/Inventory)",Low Rise,IND3 default,0,0,0,0,2,20,41,51,62,67,71,73,76,78,79,82,83,84,86,87,87,88,88,88,88,88,88,88,88,442,1,1,1,1,440
IND5,I5MN,USACE - Galveston,"Average High Technology, contents (Equipment/Inventory)",Mid Rise,IND3 default,0,0,0,0,2,20,41,51,62,67,71,73,76,78,79,82,83,84,86,87,87,88,88,88,88,88,88,88,88,442,,1,1,1,441
IND5,I5MB,USACE - Galveston,"Average High Technology, contents (Equipment/Inventory)",Mid Rise,IND3 default,0,0,0,0,2,20,41,51,62,67,71,73,76,78,79,82,83,84,86,87,87,88,88,88,88,88,88,88,88,442,1,1,1,1,442
IND5,I5HN,USACE - Galveston,"Average High Technology, contents (Equipment/Inventory)",High Rise,IND3 default,0,0,0,0,2,20,41,51,62,67,71,73,76,78,79,82,83,84,86,87,87,88,88,88,88,88,88,88,88,442,,1,1,1,443
IND5,I5HB,USACE - Galveston,"Average High Technology, contents (Equipment/Inventory)",High Rise,IND3 default,0,0,0,0,2,20,41,51,62,67,71,73,76,78,79,82,83,84,86,87,87,88,88,88,88,88,88,88,88,442,1,1,1,1,444
IND6,I6LN,USACE - Galveston,"Average Construction, contents (Equipment/Inventory)",Low Rise,,0,0,0,0,0,20,35,47,56,59,66,69,71,72,78,79,80,80,81,81,81,82,82,82,83,83,83,83,83,443,,1,1,1,445
IND6,I6LB,USACE - Galveston,"Average Construction, contents (Equipment/Inventory)",Low Rise,,0,0,0,0,0,20,35,47,56,59,66,69,71,72,78,79,80,80,81,81,81,82,82,82,83,83,83,83,83,443,1,1,1,1,446
IND6,I6MN,USACE - Galveston,"Average Construction, contents (Equipment/Inventory)",Mid Rise,,0,0,0,0,0,20,35,47,56,59,66,69,71,72,78,79,80,80,81,81,81,82,82,82,83,83,83,83,83,443,,1,1,1,447
IND6,I6MB,USACE - Galveston,"Average Construction, contents (Equipment/Inventory)",Mid Rise,,0,0,0,0,0,20,35,47,56,59,66,69,71,72,78,79,80,80,81,81,81,82,82,82,83,83,83,83,83,443,1,1,1,1,448
IND6,I6HN,USACE - Galveston,"Average Construction, contents (Equipment/Inventory)",High Rise,,0,0,0,0,0,20,35,47,56,59,66,69,71,72,78,79,80,80,81,81,81,82,82,82,83,83,83,83,83,443,,1,1,1,449
IND6,I6HB,USACE - Galveston,"Average Construction, contents (Equipment/Inventory)",High Rise,,0,0,0,0,0,20,35,47,56,59,66,69,71,72,78,79,80,80,81,81,81,82,82,82,83,83,83,83,83,443,1,1,1,1,450
AGR1,A1LN,USACE - Galveston,"Average Agriculture, Contents (Equipment/Inventory)",Low Rise,,0,0,0,0,6,20,43,58,65,66,66,67,70,75,76,76,76,77,77,77,78,78,78,79,79,79,79,80,80,460,,1,1,1,451
AGR1,A1LB,USACE - Galveston,"Average Agriculture, Contents (Equipment/Inventory)",Low Rise,,0,0,0,0,6,20,43,58,65,66,66,67,70,75,76,76,76,77,77,77,78,78,78,79,79,79,79,80,80,460,1,1,1,1,452
AGR1,A1MN,USACE - Galveston,"Average Agriculture, Contents (Equipment/Inventory)",Mid Rise,,0,0,0,0,6,20,43,58,65,66,66,67,70,75,76,76,76,77,77,77,78,78,78,79,79,79,79,80,80,460,,1,1,1,453
AGR1,A1MB,USACE - Galveston,"Average Agriculture, Contents (Equipment/Inventory)",Mid Rise,,0,0,0,0,6,20,43,58,65,66,66,67,70,75,76,76,76,77,77,77,78,78,78,79,79,79,79,80,80,460,1,1,1,1,454
AGR1,A1HN,USACE - Galveston,"Average Agriculture, Contents (Equipment/Inventory)",High Rise,,0,0,0,0,6,20,43,58,65,66,66,67,70,75,76,76,76,77,77,77,78,78,78,79,79,79,79,80,80,460,,1,1,1,455
AGR1,A1HB,USACE - Galveston,"Average Agriculture, Contents (Equipment/Inventory)",High Rise,,0,0,0,0,6,20,43,58,65,66,66,67,70,75,76,76,76,77,77,77,78,78,78,79,79,79,79,80,80,460,1,1,1,1,456
REL1,RE1LN,USACE - Galveston,"Church, contents",Low Rise,,0,0,0,0,10,52,72,85,92,95,98,99,100,100,100,100,100,100,100,100,100,100,100,100,100,100,100,100,100,467,,1,1,1,457
REL1,RE1LB,USACE - Galveston,"Church, contents",Low Rise,,0,0,0,0,10,52,72,85,92,95,98,99,100,100,100,100,100,100,100,100,100,100,100,100,100,100,100,100,100,467,1,1,1,1,458
REL1,RE1MN,USACE - Galveston,"Church, contents",Mid Rise,,0,0,0,0,10,52,72,85,92,95,98,99,100,100,100,100,100,100,100,100,100,100,100,100,100,100,100,100,100,467,,1,1,1,459
REL1,RE1MB,USACE - Galveston,"Church, contents",Mid Rise,,0,0,0,0,10,52,72,85,92,95,98,99,100,100,100,100,100,100,100,100,100,100,100,100,100,100,100,100,100,467,1,1,1,1,460
REL1,RE1HN,USACE - Galveston,"Church, contents",High Rise,,0,0,0,0,10,52,72,85,92,95,98,99,100,100,100,100,100,100,100,100,100,100,100,100,100,100,100,100,100,467,,1,1,1,461
REL1,RE1HB,USACE - Galveston,"Church, contents",High Rise,,0,0,0,0,10,52,72,85,92,95,98,99,100,100,100,100,100,100,100,100,100,100,100,100,100,100,100,100,100,467,1,1,1,1,462
GOV1,G1LN,USACE - Galveston,"Average Govt Services, contents (Equipment)",Low Rise,,0,0,0,0,0,30,59,74,83,90,100,100,100,100,100,100,100,100,100,100,100,100,100,100,100,100,100,100,100,472,,1,1,1,463
GOV1,G1LB,USACE - Galveston,"Average Govt Services, contents (Equipment)",Low Rise,,0,0,0,0,0,30,59,74,83,90,100,100,100,100,100,100,100,100,100,100,100,100,100,100,100,100,100,100,100,472,1,1,1,1,464
GOV1,G1MN,USACE - Galveston,"Average Govt Services, contents (Equipment)",Mid Rise,,0,0,0,0,0,30,59,74,83,90,100,100,100,100,100,100,100,100,100,100,100,100,100,100,100,100,100,100,100,472,,1,1,1,465
GOV1,G1MB,USACE - Galveston,"Average Govt Services, contents (Equipment)",Mid Rise,,0,0,0,0,0,30,59,74,83,90,100,100,100,100,100,100,100,100,100,100,100,100,100,100,100,100,100,100,100,472,1,1,1,1,466
GOV1,G1HN,USACE - Galveston,"Average Govt Services, contents (Equipment)",High Rise,,0,0,0,0,0,30,59,74,83,90,100,100,100,100,100,100,100,100,100,100,100,100,100,100,100,100,100,100,100,472,,1,1,1,467
GOV1,G1HB,USACE - Galveston,"Average Govt Services, contents (Equipment)",High Rise,,0,0,0,0,0,30,59,74,83,90,100,100,100,100,100,100,100,100,100,100,100,100,100,100,100,100,100,100,100,472,1,1,1,1,468
GOV2,G2LN,USACE - Galveston,"Average emergency response, contents (Equipment/Inventory)",Low Rise,,0,0,0,0,0,8,20,38,55,70,81,89,98,100,100,100,100,100,100,100,100,100,100,100,100,100,100,100,100,477,,1,1,1,469
GOV2,G2LB,USACE - Galveston,"Average emergency response, contents (Equipment/Inventory)",Low Rise,,0,0,0,0,0,8,20,38,55,70,81,89,98,100,100,100,100,100,100,100,100,100,100,100,100,100,100,100,100,477,1,1,1,1,470
GOV2,G2MN,USACE - Galveston,"Average emergency response, contents (Equipment/Inventory)",Mid Rise,,0,0,0,0,0,8,20,38,55,70,81,89,98,100,100,100,100,100,100,100,100,100,100,100,100,100,100,100,100,477,,1,1,1,471
GOV2,G2MB,USACE - Galveston,"Average emergency response, contents (Equipment/Inventory)",Mid Rise,,0,0,0,0,0,8,20,38,55,70,81,89,98,100,100,100,100,100,100,100,100,100,100,100,100,100,100,100,100,477,1,1,1,1,472
GOV2,G2HN,USACE - Galveston,"Average emergency response, contents (Equipment/Inventory)",High Rise,,0,0,0,0,0,8,20,38,55,70,81,89,98,100,100,100,100,100,100,100,100,100,100,100,100,100,100,100,100,477,,1,1,1,473
GOV2,G2HB,USACE - Galveston,"Average emergency response, contents (Equipment/Inventory)",High Rise,,0,0,0,0,0,8,20,38,55,70,81,89,98,100,100,100,100,100,100,100,100,100,100,100,100,100,100,100,100,477,1,1,1,1,474
EDU1,E1LN,USACE - Galveston,"Average School, contents (Equipment/Inventory)",Low Rise,,0,0,0,0,0,27,38,53,64,68,70,72,75,79,83,88,94,100,100,100,100,100,100,100,100,100,100,100,100,480,,1,1,1,475
EDU1,E1LB,USACE - Galveston,"Average School, contents (Equipment/Inventory)",Low Rise,,0,0,0,0,0,27,38,53,64,68,70,72,75,79,83,88,94,100,100,100,100,100,100,100,100,100,100,100,100,480,1,1,1,1,476
EDU1,E1MN,USACE - Galveston,"Average School, contents (Equipment/Inventory)",Mid Rise,,0,0,0,0,0,27,38,53,64,68,70,72,75,79,83,88,94,100,100,100,100,100,100,100,100,100,100,100,100,480,,1,1,1,477
EDU1,E1MB,USACE - Galveston,"Average School, contents (Equipment/Inventory)",Mid Rise,,0,0,0,0,0,27,38,53,64,68,70,72,75,79,83,88,94,100,100,100,100,100,100,100,100,100,100,100,100,480,1,1,1,1,478
EDU1,E1HN,USACE - Galveston,"Average School, contents (Equipment/Inventory)",High Rise,,0,0,0,0,0,27,38,53,64,68,70,72,75,79,83,88,94,100,100,100,100,100,100,100,100,100,100,100,100,480,,1,1,1,479
EDU1,E1HB,USACE - Galveston,"Average School, contents (Equipment/Inventory)",High Rise,,0,0,0,0,0,27,38,53,64,68,70,72,75,79,83,88,94,100,100,100,100,100,100,100,100,100,100,100,100,480,1,1,1,1,480
EDU2,E2LN,USACE - Galveston,"Average College/University, Contents (Equipment/Inventory)",Low Rise,EDU1 default,0,0,0,0,0,27,38,53,64,68,70,72,75,79,83,88,94,100,100,100,100,100,100,100,100,100,100,100,100,485,,1,1,1,481
EDU2,E2LB,USACE - Galveston,"Average College/University, Contents (Equipment/Inventory)",Low Rise,EDU1 default,0,0,0,0,0,27,38,53,64,68,70,72,75,79,83,88,94,100,100,100,100,100,100,100,100,100,100,100,100,485,1,1,1,1,482
EDU2,E2MN,USACE - Galveston,"Average College/University, Contents (Equipment/Inventory)",Mid Rise,EDU1 default,0,0,0,0,0,27,38,53,64,68,70,72,75,79,83,88,94,100,100,100,100,100,100,100,100,100,100,100,100,485,,1,1,1,483
EDU2,E2MB,USACE - Galveston,"Average College/University, Contents (Equipment/Inventory)",Mid Rise,EDU1 default,0,0,0,0,0,27,38,53,64,68,70,72,75,79,83,88,94,100,100,100,100,100,100,100,100,100,100,100,100,485,1,1,1,1,484
EDU2,E2HN,USACE - Galveston,"Average College/University, Contents (Equipment/Inventory)",High Rise,EDU1 default,0,0,0,0,0,27,38,53,64,68,70,72,75,79,83,88,94,100,100,100,100,100,100,100,100,100,100,100,100,485,,1,1,1,485
EDU2,E2HB,USACE - Galveston,"Average College/University, Contents (Equipment/Inventory)",High Rise,EDU1 default,0,0,0,0,0,27,38,53,64,68,70,72,75,79,83,88,94,100,100,100,100,100,100,100,100,100,100,100,100,485,1,1,1,1,486
