Occupancy,SpecificOccupId,Source,Description,Stories,Comment,m4,m3,m2,m1,p0,p1,p2,p3,p4,p5,p6,p7,p8,p9,p10,p11,p12,p13,p14,p15,p16,p17,p18,p19,p20,p21,p22,p23,p24,DDF_ID,Basement,HazardRiverine,HazardCV,HazardCA,SortOrder
COM1,C1LN,USACE - Galveston,"Average Retail Trade, Inventory",Low Rise,,0,0,0,0,4,31,49,65,76,85,90,92,93,94,95,95,96,97,97,97,98,98,98,98,98,98,98,98,98,1,,1,1,1,355
COM1,C1LB,USACE - Galveston,"Average Retail Trade, Inventory",Low Rise,,0,0,0,0,4,31,49,65,76,85,90,92,93,94,95,95,96,97,97,97,98,98,98,98,98,98,98,98,98,1,1,1,1,1,356
COM1,C1MN,USACE - Galveston,"Average Retail Trade, Inventory",Mid Rise,,0,0,0,0,4,31,49,65,76,85,90,92,93,94,95,95,96,97,97,97,98,98,98,98,98,98,98,98,98,1,,1,1,1,357
COM1,C1MB,USACE - Galveston,"Average Retail Trade, Inventory",Mid Rise,,0,0,0,0,4,31,49,65,76,85,90,92,93,94,95,95,96,97,97,97,98,98,98,98,98,98,98,98,98,1,1,1,1,1,358
COM1,C1HN,USACE - Galveston,"Average Retail Trade, Inventory",High Rise,,0,0,0,0,4,31,49,65,76,85,90,92,93,94,95,95,96,97,97,97,98,98,98,98,98,98,98,98,98,1,,1,1,1,359
COM1,C1HB,USACE - Galveston,"Average Retail Trade, Inventory",High Rise,,0,0,0,0,4,31,49,65,76,85,90,92,93,94,95,95,96,97,97,97,98,98,98,98,98,98,98,98,98,1,1,1,1,1,360
COM2,C2LN,USACE - Galveston,"Average Wholesale Trade, Inventory",Low Rise,,0,0,0,0,4,19,33,44,54,63,69,76,79,82,87,88,88,90,90,90,91,91,91,91,91,91,91,91,91,46,,1,1,1,361
COM2,C2LB,USACE - Galveston,"Average Wholesale Trade, Inventory",Low Rise,,0,0,0,0,4,19,33,44,54,63,69,76,79,82,87,88,88,90,90,90,91,91,91,91,91,91,91,91,91,46,1,1,1,1,362
COM2,C2MN,USACE - Galveston,"Average Wholesale Trade, Inventory",Mid Rise,,0,0,0,0,4,19,33,44,54,63,69,76,79,82,87,88,88,90,90,90,91,91,91,91,91,91,91,91,91,46,,1,1,1,363
COM2,C2MB,USACE - Galveston,"Average Wholesale Trade, Inventory",Mid Rise,,0,0,0,0,4,19,33,44,54,63,69,76,79,82,87,88,88,90,90,90,91,91,91,91,91,91,91,91,91,46,1,1,1,1,364
COM2,C2HN,USACE - Galveston,"Average Wholesale Trade, Inventory",High Rise,,0,0,0,0,4,19,33,44,54,63,69,76,79,82,87,88,88,90,90,90,91,91,91,91,91,91,91,91,91,46,,1,1,1,365
COM2,C2HB,USACE - Galveston,"Average Wholesale Trade, Inventory",High Rise,,0,0,0,0,4,19,33,44,54,63,69,76,79,82,87,88,88,90,90,90,91,91,91,91,91,91,91,91,91,46,1,1,1,1,366
IND1,I1LN,USACE - Galveston,"Average Heavy Industrial, Inventory",Low Rise,,0,0,0,0,1,18,29,40,49,53,57,61,63,66,66,66,67,69,69,69,70,70,70,70,70,71,71,71,71,70,,1,1,1,415
IND1,I1LB,USACE - Galveston,"Average Heavy Industrial, Inventory",Low Rise,,0,0,0,0,1,18,29,40,49,53,57,61,63,66,66,66,67,69,69,69,70,70,70,70,70,71,71,71,71,70,1,1,1,1,416
IND1,I1MN,USACE - Galveston,"Average Heavy Industrial, Inventory",Mid Rise,,0,0,0,0,1,18,29,40,49,53,57,61,63,66,66,66,67,69,69,69,70,70,70,70,70,71,71,71,71,70,,1,1,1,417
IND1,I1MB,USACE - Galveston,"Average Heavy Industrial, Inventory",Mid Rise,,0,0,0,0,1,18,29,40,49,53,57,61,63,66,66,66,67,69,69,69,70,70,70,70,70,71,71,71,71,70,1,1,1,1,418
IND1,I1HN,USACE - Galveston,"Average Heavy Industrial, Inventory",High Rise,,0,0,0,0,1,18,29,40,49,53,57,61,63,66,66,66,67,69,69,69,70,70,70,70,70,71,71,71,71,70,,1,1,1,419
IND1,I1HB,USACE - Galveston,"Average Heavy Industrial, Inventory",High Rise,,0,0,0,0,1,18,29,40,49,53,57,61,63,66,66,66,67,69,69,69,70,70,70,70,70,71,71,71,71,70,1,1,1,1,420
IND2,I2LN,USACE - Galveston,"Average Light Industrial, Inventory",Low Rise,,0,0,0,0,0,14,33,48,57,63,67,70,74,75,76,77,78,81,81,81,83,83,84,84,84,84,85,85,85,81,,1,1,1,421
IND2,I2LB,USACE - Galveston,"Average Light Industrial, Inventory",Low Rise,,0,0,0,0,0,14,33,48,57,63,67,70,74,75,76,77,78,81,81,81,83,83,84,84,84,84,85,85,85,81,1,1,1,1,422
IND2,I2MN,USACE - Galveston,"Average Light Industrial, Inventory",Mid Rise,,0,0,0,0,0,14,33,48,57,63,67,70,74,75,76,77,78,81,81,81,83,83,84,84,84,84,85,85,85,81,,1,1,1,423
IND2,I2MB,USACE - Galveston,"Average Light Industrial, Inventory",Mid Rise,,0,0,0,0,0,14,33,48,57,63,67,70,74,75,76,77,78,81,81,81,83,83,84,84,84,84,85,85,85,81,1,1,1,1,424
IND2,I2HN,USACE - Galveston,"Average Light Industrial, Inventory",High Rise,,0,0,0,0,0,14,33,48,57,63,67,70,74,75,76,77,78,81,81,81,83,83,84,84,84,84,85,85,85,81,,1,1,1,425
IND2,I2HB,USACE - Galveston,"Average Light Industrial, Inventory",High Rise,,0,0,0,0,0,14,33,48,57,63,67,70,74,75,76,77,78,81,81,81,83,83,84,84,84,84,85,85,85,81,1,1,1,1,426
IND3,I3LN,USACE - Galveston,"Average Food/Drugs/Chemicals, Inventory",Low Rise,,0,0,0,0,4,24,57,66,74,79,81,82,83,86,87,89,91,92,92,94,95,96,96,97,97,97,97,97,97,93,,1,1,1,427
IND3,I3LB,USACE - Galveston,"Average Food/Drugs/Chemicals, Inventory",Low Rise,,0,0,0,0,4,24,57,66,74,79,81,82,83,86,87,89,91,92,92,94,95,96,96,97,97,97,97,97,97,93,1,1,1,1,428
IND3,I3MN,USACE - Galveston,"Average Food/Drugs/Chemicals, Inventory",Mid Rise,,0,0,0,0,4,24,57,66,74,79,81,82,83,86,87,89,91,92,92,94,95,96,96,97,97,97,97,97,97,93,,1,1,1,429
IND3,I3MB,USACE - Galveston,"Average Food/Drugs/Chemicals, Inventory",Mid Rise,,0,0,0,0,4,24,57,66,74,79,81,82,83,86,87,89,91,92,92,94,95,96,96,97,97,97,97,97,97,93,1,1,1,1,430
IND3,I3HN,USACE - Galveston,"Average Food/Drugs/Chemicals, Inventory",High Rise,,0,0,0,0,4,24,57,66,74,79,81,82,83,86,87,89,91,92,92,94,95,96,96,97,97,97,97,97,97,93,,1,1,1,431
IND3,I3HB,USACE - Galveston,"Average Food/Drugs/Chemicals, Inventory",High Rise,,0,0,0,0,4,24,57,66,74,79,81,82,83,86,87,89,91,92,92,94,95,96,96,97,97,97,97,97,97,93,1,1,1,1,432
IND4,I4LN,USACE - Galveston,"Average Metals/Minerals Processing, Inventory",Low Rise,,0,0,0,0,28,33,36,39,43,47,50,57,62,66,68,71,75,75,75,75,75,75,75,75,75,75,75,75,75,106,,1,1,1,433
IND4,I4LB,USACE - Galveston,"Average Metals/Minerals Processing, Inventory",Low Rise,,0,0,0,0,28,33,36,39,43,47,50,57,62,66,68,71,75,75,75,75,75,75,75,75,75,75,75,75,75,106,1,1,1,1,434
IND4,I4MN,USACE - Galveston,"Average Metals/Minerals Processing, Inventory",Mid Rise,,0,0,0,0,28,33,36,39,43,47,50,57,62,66,68,71,75,75,75,75,75,75,75,75,75,75,75,75,75,106,,1,1,1,435
IND4,I4MB,USACE - Galveston,"Average Metals/Minerals Processing, Inventory",Mid Rise,,0,0,0,0,28,33,36,39,43,47,50,57,62,66,68,71,75,75,75,75,75,75,75,75,75,75,75,75,75,106,1,1,1,1,436
IND4,I4HN,USACE - Galveston,"Average Metals/Minerals Processing, Inventory",High Rise,,0,0,0,0,28,33,36,39,43,47,50,57,62,66,68,71,75,75,75,75,75,75,75,75,75,75,75,75,75,106,,1,1,1,437
IND4,I4HB,USACE - Galveston,"Average Metals/Minerals Processing, Inventory",High Rise,,0,0,0,0,28,33,36,39,43,47,50,57,62,66,68,71,75,75,75,75,75,75,75,75,75,75,75,75,75,106,1,1,1,1,438
IND5,I5LN,USACE - Galveston,"Average High Technology, Inventory",Low Rise,IND3 default,0,0,0,0,4,24,57,66,74,79,81,82,83,86,87,89,91,92,92,94,95,96,96,97,97,97,97,97,97,111,,1,1,1,439
IND5,I5LB,USACE - Galveston,"Average High Technology, Inventory",Low Rise,IND3 default,0,0,0,0,4,24,57,66,74,79,81,82,83,86,87,89,91,92,92,94,95,96,96,97,97,97,97,97,97,111,1,1,1,1,440
IND5,I5MN,USACE - Galveston,"Average High Technology, Inventory",Mid Rise,IND3 default,0,0,0,0,4,24,57,66,74,79,81,82,83,86,87,89,91,92,92,94,95,96,96,97,97,97,97,97,97,111,,1,1,1,441
IND5,I5MB,USACE - Galveston,"Average High Technology, Inventory",Mid Rise,IND3 default,0,0,0,0,4,24,57,66,74,79,81,82,83,86,87,89,91,92,92,94,95,96,96,97,97,97,97,97,97,111,1,1,1,1,442
IND5,I5HN,USACE - Galveston,"Average High Technology, Inventory",High Rise,IND3 default,0,0,0,0,4,24,57,66,74,79,81,82,83,86,87,89,91,92,92,94,95,96,96,97,97,97,97,97,97,111,,1,1,1,443
IND5,I5HB,USACE - Galveston,"Average High Technology, Inventory",High Rise,IND3 default,0,0,0,0,4,24,57,66,74,79,81,82,83,86,87,89,91,92,92,94,95,96,96,97,97,97,97,97,97,111,1,1,1,1,444
IND6,I6LN,USACE - Galveston,"Average Construction, Inventory",Low Rise,,0,0,0,0,0,31,45,54,60,65,70,74,78,81,84,89,90,91,92,93,94,95,97,98,99,100,100,100,100,112,,1,1,1,445
IND6,I6LB,USACE - Galveston,"Average Construction, Inventory",Low Rise,,0,0,0,0,0,31,45,54,60,65,70,74,78,81,84,89,90,91,92,93,94,95,97,98,99,100,100,100,100,112,1,1,1,1,446
IND6,I6MN,USACE - Galveston,"Average Construction, Inventory",Mid Rise,,0,0,0,0,0,31,45,54,60,65,70,74,78,81,84,89,90,91,92,93,94,95,97,98,99,100,100,100,100,112,,1,1,1,447
IND6,I6MB,USACE - Galveston,"Average Construction, Inventory",Mid Rise,,0,0,0,0,0,31,45,54,60,65,70,74,78,81,84,89,90,91,92,93,94,95,97,98,99,100,100,100,100,112,1,1,1,1,448
IND6,I6HN,USACE - Galveston,"Average Construction, Inventory",High Rise,,0,0,0,0,0,31,45,54,60,65,70,74,78,81,84,89,90,91,92,93,94,95,97,98,99,100,100,100,100,112,,1,1,1,449
IND6,I6HB,USACE - Galveston,"Average Construction, Inventory",High Rise,,0,0,0,0,0,31,45,54,60,65,70,74,78,81,84,89,90,91,92,93,94,95,97,98,99,100,100,100,100,112,1,1,1,1,450
AGR1,A1LN,USACE - Galveston,"Agriculture/Dairy Processing, Inventory",Low Rise,,0,0,0,0,0,25,50,75,100,100,100,100,100,100,100,100,100,100,100,100,100,100,100,100,100,100,100,100,100,116,,1,1,1,451
AGR1,A1LB,USACE - Galveston,"Agriculture/Dairy Processing, Inventory",Low Rise,,0,0,0,0,0,25,50,75,100,100,100,100,100,100,100,100,100,100,100,100,100,100,100,100,100,100,100,100,100,116,1,1,1,1,452
AGR1,A1MN,USACE - Galveston,"Agriculture/Dairy Processing, Inventory",Mid Rise,,0,0,0,0,0,25,50,75,100,100,100,100,100,100,100,100,100,100,100,100,100,100,100,100,100,100,100,100,100,116,,1,1,1,453
AGR1,A1MB,USACE - Galveston,"Agriculture/Dairy Processing, Inventory",Mid Rise,,0,0,0,0,0,25,50,75,100,100,100,100,100,100,100,100,100,100,100,100,100,100,100,100,100,100,100,100,100,116,1,1,1,1,454
AGR1,A1HN,USACE - Galveston,"Agriculture/Dairy Processing, Inventory",High Rise,,0,0,0,0,0,25,50,75,100,100,100,100,100,100,100,100,100,100,100,100,100,100,100,100,100,100,100,100,100,116,,1,1,1,455
AGR1,A1HB,USACE - Galveston,"Agriculture/Dairy Processing, Inventory",High Rise,,0,0,0,0,0,25,50,75,100,100,100,100,100,100,100,100,100,100,100,100,100,100,100,100,100,100,100,100,100,116,1,1,1,1,456
